Walor,Kurs (PLN),Zmiana (%),Otwarcie,Min,Max,Obrót (szt.),Obrót (PLN),"Czas
aktualizacji"
4Mobility SA,1.1,0,1.1,1.1,1.1,13,14,2026-03-30 10:04
7FIT SA,14.1,-4.73,14.6,14.1,14.6,91,1324,2026-03-30 14:35
7Levels SA,5.7,0,5.65,5.65,6.6,358,2036,2026-03-30 10:31
Abak SA,5,0,5,5,5,108,540,2026-03-30 09:16
ABS Investment ASI SA,1.23,2.5,1.2,1.11,1.33,8612,10084,2026-03-30 13:54
Adatex SA,1.11,0,1.11,1.11,1.11,100,111,2026-03-30 09:00
Advanced Medical Equipment SA,2.15,-3.15,2.22,2.14,2.23,2322,5077,2026-03-30 14:38
Advertigo SA,0.2,0,0.2,0.16,0.2,5015,928,2026-03-30 10:45
Aforti Holding SA w restrukturyzacji,2.5,0,0,0,0,0,0,2026-03-27
Agencja Rozwoju Innowacji SA,0.34,-9.47,0.38,0.34,0.38,20,7,2026-03-30 09:31
Agroliga Group plc,22.8,-1.72,22,22,22.8,55,1242,2026-03-30 10:52
Agromep SA,3.04,0,0,0,0,0,0,2026-03-27
Aiton Caldwell SA,0.29,0,0.29,0.29,0.29,100,29,2026-03-30 09:08
Akcept Finance SA,0.25,-1.6,0.25,0.25,0.25,1,0,2026-03-30 11:00
Analizy Online SA,25,-3.85,25,25,25,1000,25000,2026-03-30 10:34
Apanet SA,1,0,1,1,1,115,115,2026-03-30 09:47
Apis SA,0.02,0,0,0,0,0,0,2026-03-27
APN Promise SA,7.95,6,7.5,7.5,7.95,1461,11451,2026-03-30 14:55
Apollo Capital ASI SA,1,1.01,1,1,1,500,500,2026-03-30 11:00
AQT Water SA w likwidacji,0.11,0,0,0,0,0,0,2026-03-27
Aqua SA,8,-5.88,8,8,8,2,16,2026-03-30 09:00
Aqua SA,11,-0.9,11.1,11,11.5,61,679,2026-03-30 14:11
Art Games Studio SA,0.89,1.14,0.82,0.82,0.9,6750,5876,2026-03-30 14:54
Arts Alliance SA,5.6,0,0,0,0,0,0,2026-03-27
Astro SA,0.07,0,0,0,0,0,0,2026-03-27
ATC-Cargo SA,10.95,-0.45,10.6,10.55,10.95,1387,14719,2026-03-30 13:42
Atomic Jelly SA,1.73,4.22,1.67,1.67,1.79,5054,8591,2026-03-30 12:47
Aton-HT SA,0.18,0,0,0,0,0,0,2026-03-27
Automatyka-Pomiary-Sterowanie SA,6.75,0,6.7,6.45,7.1,710,4758,2026-03-30 14:00
Auxilia SA,1.23,0,1.23,1.19,1.23,1865,2234,2026-03-30 11:34
Aztec International SA,1.64,0,1.64,1.64,1.64,10,16,2026-03-30 09:33
B-Act SA,3.11,-2.2,3.11,3.08,3.16,4173,13109,2026-03-30 14:55
Baked Games SA,2.33,-0.43,2.34,2.33,2.34,230,537,2026-03-30 10:53
Balticon SA,19.8,0,0,0,0,0,0,2026-03-27
Baseig SA,49,-0.81,49.4,48,49.4,322,15479,2026-03-30 12:26
beeIN SA,6.45,-0.77,6.5,6.45,6.7,281,1862,2026-03-30 12:36
BeLeaf SA,2.9,0,2.9,2.9,2.9,5,15,2026-03-30 11:00
Berg Holding SA,0.21,0,0,0,0,0,0,2026-03-27
Binary Helix SA,3.8,0,3.8,3.8,3.8,37,141,2026-03-30 12:33
Biogened SA,18,0,0,0,0,0,0,2026-03-27
Biomass Energy Project SA,0.13,-0.39,0.13,0.12,0.13,210031,26206,2026-03-30 14:34
BizTech Konsulting SA,0.14,-11.39,0.16,0.14,0.16,29135,4159,2026-03-30 12:15
Black Pearl SA,0.11,1.92,0.11,0.09,0.11,2048,215,2026-03-30 13:01
Black Point SA,0.36,0,0.36,0.36,0.36,12,4,2026-03-30 09:00
Black Rose Projects SA,0.43,-9.79,0.48,0.43,0.48,4790,2074,2026-03-30 11:59
Brainscan SA,16.2,6.58,16.2,16.2,16.2,5,81,2026-03-30 11:00
Bras SA,0.27,8.94,0.27,0.27,0.27,25800,6914,2026-03-30 11:00
BRG SA,0.14,0,0,0,0,0,0,2026-03-27
Bridge Solutions Hub SA,15.2,-3.49,15.25,14.5,15.5,2375,34959,2026-03-30 13:08
Browar Czarnków SA,0.1,0,0.1,0.1,0.1,100,10,2026-03-30 11:00
BTC Studios SA,0.19,0,0,0,0,0,0,2026-03-27
BTCS SA,4.4,12.24,4,4,4.74,1625,7137,2026-03-30 13:39
Cannabis Poland SA,0.19,-2.67,0.2,0.19,0.2,94083,17961,2026-03-30 14:44
Carbon Studio SA,2.78,-0.36,2.78,2.78,2.78,5,14,2026-03-30 12:40
Carlson Investments SE,2.5,0,2.5,2.5,2.5,10,25,2026-03-30 09:00
Carpathia Capital ASI SA,1.57,-5.42,1.57,1.57,1.57,43,68,2026-03-30 13:46
CCS SA,0.56,0,0,0,0,0,0,2026-03-27
Centrum Finansowe SA,5.05,-0.98,5.05,5.05,5.05,109,550,2026-03-30 11:01
Centurion Finance ASI SA,0.19,-4.95,0.2,0.19,0.22,2068001,419260,2026-03-30 14:53
Cereal Planet plc,11,0,0,0,0,0,0,2026-03-27
Cherrypick Games SA,0.62,3.33,0.6,0.58,0.64,38258,23287,2026-03-30 14:34
CM International SA,10.4,0,0,0,0,0,0,2026-03-27
Comeco SA,0.13,0,0,0,0,0,0,2026-03-27
Console Labs SA,5.9,0,5.9,5.9,5.9,1,6,2026-03-30 09:48
Consoleway SA,6.5,6.56,5.8,5.68,6.96,7659,49902,2026-03-30 14:51
Constance Care SA,8.5,0,0,0,0,0,0,2026-03-27
Copernicus Securities SA w upadłości likwidacyjnej,0,0,0,0,0,0,0,null
Corey Europe SA,0.39,0,0.35,0.34,0.39,12999,4916,2026-03-30 12:00
Cosma SA,0.45,-0.45,0.45,0.45,0.45,100,45,2026-03-30 09:10
CreativeForge Games SA,1.7,0.3,1.69,1.69,1.7,376,636,2026-03-30 14:06
CStore SA,3.5,2.94,3.34,3.32,3.96,2287,8792,2026-03-30 14:36
CTE Group SA,0.03,0,0,0,0,0,0,2026-03-27
Danks SA,0.77,0.65,0.77,0.77,0.77,15,12,2026-03-30 09:03
Dark Point Games SA,16,0,0,0,0,0,0,2026-03-27
Defence.Hub SA,0.77,4.79,0.7,0.67,0.83,325515,236794,2026-03-30 14:54
Dektra SA,5.12,1.19,5.06,5.04,5.12,728,3681,2026-03-30 13:59
Demolish Games SA,0.45,-11.76,0.46,0.44,0.49,3480,1540,2026-03-30 11:42
DG-Net SA,8.8,2.09,8.8,8.8,8.8,1002,8818,2026-03-30 14:35
di volio SA,3.28,15.49,2.82,2.8,3.38,2731,8565,2026-03-30 14:37
Ditix SA,0.24,3.51,0.22,0.22,0.24,4189,938,2026-03-30 11:42
Dr. Finance SA,1.14,-1.72,1.08,1.08,1.14,112,122,2026-03-30 14:11
Drageus Games SA,0.92,0,0.92,0.92,0.92,1319,1216,2026-03-30 10:15
Draw Distance SA,0.13,0,0,0,0,0,0,2026-03-27
Duality SA,0.92,0,0.9,0.72,0.92,35444,28708,2026-03-30 13:03
e-Kiosk SA,0.56,-12.4,0.56,0.56,0.56,7,4,2026-03-30 11:00
e-Xim IT SA,139,0,0,0,0,0,0,2026-03-27
ECC Games SA,0.2,-1.96,0.19,0.19,0.2,8756,1676,2026-03-30 14:18
ECL SA,14.7,-1.34,14.7,14.7,14.7,250,3675,2026-03-30 12:44
Ecnology Group SA,0.67,0,0,0,0,0,0,2026-03-27
Eco5Tech SA,1.5,0,0,0,0,0,0,2026-03-27
Editel SA,4.64,-6.45,4.64,4.64,4.64,10,46,2026-03-30 09:00
Ekipa Holding SA,1.3,1.96,1.27,1.23,1.32,16773,21212,2026-03-30 13:59
EKO-OZE SA,0.09,0,0,0,0,0,0,2026-03-27
Ekobox SA,1.34,-2.54,1.36,1.33,1.38,11548,15609,2026-03-30 14:00
Ekopark SA,7.05,0,0,0,0,0,0,2026-03-27
Ekopol SA,6,0,0,0,0,0,0,2026-03-27
Elektromont SA,0.7,0,0,0,0,0,0,2026-03-27
ELQ SA,2.24,0.9,2.16,2.16,2.24,4266,9225,2026-03-30 14:12
Emplocity SA,0.44,-5.98,0.46,0.43,0.46,120277,54095,2026-03-30 14:00
Eneida Games SA,5.9,0,0,0,0,0,0,2026-03-27
Energy SA,0.21,-8.85,0.23,0.19,0.23,379039,76671,2026-03-30 14:39
Erato Energy SA,0.1,0,0,0,0,0,0,2026-03-27
Eskimos SA w upadłości,0.21,0,0,0,0,0,0,2026-03-27
Euro-Tax.pl SA,2.2,-4.35,2.2,2.2,2.28,2267,5042,2026-03-30 12:31
Euroinvestment SA,0.02,0,0,0,0,0,0,2026-03-27
Europejski Fundusz Energii SA,0.14,0,0,0,0,0,0,2026-03-27
Eurosnack SA,2.38,-2.86,2.45,2.35,2.45,4488,10677,2026-03-30 13:25
Euvic SA,23.6,21.65,20.8,20.8,23.8,664,15223,2026-03-30 12:49
Examobile SA,3.32,-11.23,3.74,3.26,3.74,5700,19520,2026-03-30 11:52
Excellence SA,0.43,-2.72,0.44,0.41,0.44,235126,98505,2026-03-30 13:33
Fabryka Konstrukcji Drewnianych SA,0.05,0,0,0,0,0,0,2026-03-27
Falcon 1 Green World SA,0.28,0,0,0,0,0,0,2026-03-27
Farm Innovations SA,31,0,30,30,40.95,19030,634473,2026-03-30 14:48
Farmy Fotowoltaiki Polska SA,13.5,0,0,0,0,0,0,2026-03-27
Femion Technology SA,0.29,-5.88,0.28,0.25,0.29,11471,2972,2026-03-30 13:14
Figene Capital SA,0.49,0,0,0,0,0,0,2026-03-27
Fintech SA,0.26,0,0,0,0,0,0,2026-03-27
Foothills SA,0.67,0,0.67,0.67,0.67,50,34,2026-03-30 11:00
Forbuild SA,4.28,0,0,0,0,0,0,2026-03-27
Forever Entertainment SA,2.63,0.77,2.64,2.6,2.64,712,1858,2026-03-30 14:02
Forposta SA,3.16,0,3.16,3.16,3.16,30,95,2026-03-30 11:00
Foto Volt Eko Energia SA,0.4,-6.98,0.43,0.4,0.43,340,144,2026-03-30 11:43
FreeMind SA,5.6,-4.76,5.88,5.6,5.88,130,745,2026-03-30 10:41
Frozen Way SA,38,0.26,37.1,37.1,38,109,4133,2026-03-30 14:39
Fundusz Hipoteczny Dom SA,4.2,0,0,0,0,0,0,2026-03-27
G-Devs SA,2.06,-0.96,2.04,2.02,2.06,155,316,2026-03-30 13:16
G-Energy SA,0.18,0,0,0,0,0,0,2026-03-27
Galvo SA,1.56,-1.89,1.46,1.45,1.56,2438,3615,2026-03-30 14:16
Gamedust SA,0.04,0,0,0,0,0,0,2026-03-27
GameHunters SA,5.1,-12.07,5.42,5.1,5.8,1248,6764,2026-03-30 14:15
Gamivo SA,16.25,-0.61,16.3,15.85,16.3,350,5644,2026-03-30 13:31
Garin AI SA,2.54,-4.51,2.66,2.54,2.94,1418,3757,2026-03-30 14:40
Generationis.ai SA,1.8,-4.26,1.86,1.8,1.86,141,259,2026-03-30 09:24
Genomed SA,25.2,4.13,24.6,24.2,26,296,7354,2026-03-30 14:17
genXone SA,6.96,3.88,6.66,6.6,6.96,2952,20021,2026-03-30 14:44
Geotrans SA,5.02,-3.83,5.22,5.02,5.22,478,2481,2026-03-30 14:38
GKS GieKSa Katowice SA,0.15,0,0,0,0,0,0,2026-03-27
Global Hydrogen SA,2.1,0,2.1,2.1,2.1,15,32,2026-03-30 09:11
Go24.pl SA,17,0,0,0,0,0,0,2026-03-27
Golab SA,0.16,0,0,0,0,0,0,2026-03-27
Govena Lighting SA,0.27,0,0,0,0,0,0,2026-03-27
Green Lanes SA,20,0,19.99,19.5,20.98,838,16832,2026-03-30 14:11
Green Zebras SA,7.7,0,7.7,7.7,7.7,3,23,2026-03-30 09:51
Gremi Media SA,65.5,-2.96,65.5,65.5,65.5,7,459,2026-03-30 09:40
Grempco SA,1.05,0,1.05,1.05,1.05,25,26,2026-03-30 09:11
Grupa HRC SA,0.9,-7.22,0.9,0.9,0.9,1000,900,2026-03-30 10:07
Grupa Klepsydra SA,7.9,1.28,7.92,7.74,7.92,4904,38341,2026-03-30 14:53
Grupa Modne Zakupy SA,0.32,-0.32,0.32,0.32,0.32,5,2,2026-03-30 14:32
Grupa Recykl SA,54,-2.7,55,54,56,482,26341,2026-03-30 14:56
Hemp & Health SA,0.22,-7.52,0.23,0.21,0.23,750914,167053,2026-03-30 14:35
Highlander Enterprise SA,1.47,-2.65,1.58,1.47,1.58,501,773,2026-03-30 09:59
Hipower Energy SA,0.35,-0.29,0.33,0.32,0.35,4807,1548,2026-03-30 09:48
HiProMine SA,92.2,0.88,91.4,91.4,92.2,2,184,2026-03-30 13:21
Honey Payment Group SA,2.38,0,0,0,0,0,0,2026-03-27
Hornigold Reit SA,0.04,0,0,0,0,0,0,2026-03-27
Hortico SA,7.36,-0.81,7.42,7.34,7.5,11293,83849,2026-03-30 14:38
Hub.Tech SA,0.22,-2.19,0.23,0.22,0.23,76142,17003,2026-03-30 14:44
Hurtimex SA,0.19,0,0,0,0,0,0,2026-03-27
Hydrapres SA,0.44,0,0.44,0.44,0.44,30,13,2026-03-30 09:43
HyEnergy SA,2.32,0,0,0,0,0,0,2026-03-27
IBC Polska F&P SA,2.9,0,0,0,0,0,0,2026-03-27
Ice Code Games SA,0.2,0,0.21,0.2,0.21,7605,1527,2026-03-30 11:15
ICPD,0.88,0,0,0,0,0,0,2026-03-27
IDH Development SA,1.44,-10,1.58,1.44,1.58,3769,5469,2026-03-30 11:59
Igoria Trade SA,0.2,0,0.2,0.2,0.2,100,20,2026-03-30 12:30
Image Power SA,1.12,-7.44,1.28,1.07,1.28,2008,2200,2026-03-30 14:18
Incuvo SA,0.58,0,0,0,0,0,0,2026-03-27
Indos SA,3.58,-3.24,3.68,3.58,3.68,413,1505,2026-03-30 14:06
Inkaso WEC SA,1.85,-2.12,1.84,1.84,1.85,1068,1973,2026-03-30 12:25
Inside Park SA,0.57,-6.56,0.61,0.57,0.61,221,127,2026-03-30 10:23
Intermarum SA,0.04,0,0,0,0,0,0,2026-03-27
Internity SA,7.95,-1.85,7.75,7.75,7.95,91,722,2026-03-30 14:35
InventionMed SA,0.1,2.02,0.1,0.1,0.1,329506,32815,2026-03-30 14:47
Investeko SA,2.2,0,0,0,0,0,0,2026-03-27
Iron Wolf Studio SA,1.2,-10.45,1.27,1.14,1.3,22362,27291,2026-03-30 14:16
JRC Group SA,1.39,0,1.39,1.39,1.39,86,120,2026-03-30 11:00
Jujubee SA,0.68,0.29,0.65,0.65,0.68,503,329,2026-03-30 09:54
Kancelaria Medius SA,0.26,-2.99,0.27,0.22,0.27,2836,618,2026-03-30 13:50
KBJ SA,21.2,0,21.2,21.2,21.2,6,127,2026-03-30 10:10
Klon SA,1.22,0,0,0,0,0,0,2026-03-27
Kolejkowo SA,75.28,-2.41,77,75.26,77,53,3993,2026-03-30 13:30
Kool2Play SA,0.6,0,0.6,0.6,0.6,50,30,2026-03-30 09:14
Korbank SA,9.45,0,9.45,9.45,9.45,10,95,2026-03-30 09:41
Kubota SA,13.95,0,13.9,13.9,13.95,657,9164,2026-03-30 13:00
Kupiec SA,1.14,0,0,0,0,0,0,2026-03-27
Labocanna SA,0.22,0,0,0,0,0,0,2026-03-27
Legimi SA,29.5,5.36,29.9,29.4,29.9,801,23875,2026-03-30 14:39
Letus Capital SA,0.87,0,0.84,0.84,0.87,1005,844,2026-03-30 13:08
LexBono SA,0.07,0,0.07,0.07,0.07,1000,71,2026-03-30 11:20
Lichthund SA,45,7.14,45,45,45,1,45,2026-03-30 10:47
Live Motion Games SA,0.82,0.49,0.82,0.82,0.83,572,472,2026-03-30 11:01
Logintrade SA,2.76,-6.76,2.82,2.4,2.96,17521,43389,2026-03-30 12:57
Lokaty Budowlane SA,0.94,0,0.94,0.94,0.94,25,24,2026-03-30 11:00
Longterm Games SA,7.3,-7.59,7.86,7.3,7.86,315,2330,2026-03-30 13:04
Ludus SA,0.28,0,0,0,0,0,0,2026-03-27
LUG SA,1.9,0,1.9,1.84,1.9,1505,2847,2026-03-30 14:23
Lukardi SA,0.36,0,0,0,0,0,0,2026-03-27
LuON SA,1,0,0,0,0,0,0,2026-03-27
M Food SA,1.44,-12.2,1.64,1.43,1.64,8212,12205,2026-03-30 14:44
M4B SA,12.7,0,0,0,0,0,0,2026-03-27
Madkom SA,4.14,4.55,3.96,3.96,4.4,6919,28987,2026-03-30 12:44
Madmind Studio SA,0.42,-0.24,0.42,0.41,0.42,2443,1014,2026-03-30 12:23
Madnetic Games SA,1.84,0,0,0,0,0,0,2026-03-27
MakoLab SA,6.65,0,0,0,0,0,0,2026-03-27
Marka SA w restrukturyzacji,0.2,0,0,0,0,0,0,2026-03-27
Massmedica SA,4.3,0.23,4.5,4.11,4.5,1570,6947,2026-03-30 14:12
Maxipizza SA,0.44,0,0,0,0,0,0,2026-03-27
Mazop Group SA,14,-2.44,14,14,14,1,14,2026-03-30 11:35
MBF Group SA,4.87,-1.42,5.1,4.87,5.12,3407,16878,2026-03-30 14:48
MedApp SA,0.22,5.26,0.22,0.22,0.22,13677,3009,2026-03-30 11:00
Medard SA,0.65,0,0,0,0,0,0,2026-03-27
Medcamp SA,0.73,0,0.69,0.69,0.73,50,35,2026-03-30 09:01
Medicofarma Biotech SA,0.51,6.92,0.47,0.46,0.52,67439,33618,2026-03-30 13:30
MedTech Solutions SA,0.74,5.43,0.73,0.67,0.78,266019,190092,2026-03-30 14:50
MegaPixel Studio SA (przejęty),1.7,0,0,0,0,0,0,2026-03-27
Mennica Skarbowa SA,59,-1.99,60.2,58.6,61.2,284,16908,2026-03-30 14:21
Mentzen SA,29.85,-1.81,29.9,29.5,29.95,260,7733,2026-03-30 14:09
Mera SA,1.02,0,0,0,0,0,0,2026-03-27
Merlin Group SA,0.17,0,0,0,0,0,0,2026-03-27
Milisystem SA,0.31,1.29,0.31,0.29,0.31,20609,6234,2026-03-30 13:42
Military Group SA,0.38,-10.28,0.38,0.35,0.4,926692,341849,2026-03-30 14:32
Milkpol SA,0.6,0,0,0,0,0,0,2026-03-27
Milton Essex SA,0.53,-0.94,0.51,0.5,0.53,13651,6922,2026-03-30 13:50
Mineral Midrange SA,0.78,0,0,0,0,0,0,2026-03-27
Minutor Energia SA,0.28,0,0,0,0,0,0,2026-03-27
MM Conferences SA,9.5,0,0,0,0,0,0,2026-03-27
Moliera2 SA,0.09,0,0.09,0.08,0.09,5200,465,2026-03-30 09:51
Moonlit SA,0.3,-14.29,0.3,0.3,0.3,2000,600,2026-03-30 11:00
mPay SA,0.28,8.85,0.26,0.26,0.29,526059,146437,2026-03-30 13:45
MPL Verbum SA,6.6,0,0,0,0,0,0,2026-03-27
Mr Hamburger SA,0.2,0,0,0,0,0,0,2026-03-27
Munar Pharma SA,0.39,0,0.39,0.35,0.39,4521,1597,2026-03-30 12:28
MVA Green Energy SA,0.25,0,0,0,0,0,0,2026-03-27
Mycodern SA,0.83,0,0,0,0,0,0,2026-03-27
Nestmedic SA,0.63,-1.57,0.64,0.61,0.64,27075,16868,2026-03-30 14:23
Neurone Studio SA,0.94,0,0,0,0,0,0,2026-03-27
New Tech Venture SA,0.18,0.56,0.18,0.18,0.18,50,9,2026-03-30 09:57
Niewiadów Polska Grupa Militarna SA,15.08,-1.82,15.36,14.5,15.36,56271,838902,2026-03-30 14:52
Noobz from Poland SA,15.8,-1.86,16.1,15.8,16.1,200,3219,2026-03-30 10:11
Notoria SA,8.4,0,0,0,0,0,0,2026-03-27
Novina pozyczkihipoteczne.eu SA,0.65,-1.07,0.64,0.64,0.66,59910,38878,2026-03-30 14:56
NWAI Dom Maklerski SA,28.6,-1.38,29,28,29.4,3090,88073,2026-03-30 10:26
Olymp SA,0.26,-0.38,0.26,0.26,0.26,11244,2923,2026-03-30 11:21
One Solution SA,0.09,-2.13,0.09,0.09,0.09,148701,13627,2026-03-30 14:38
One2Tribe SA,0.24,1.71,0.24,0.24,0.24,1444,345,2026-03-30 14:28
Onico SA w restrukturyzacji ,14.5,0,0,0,0,0,0,2026-03-27
Optigis SA,0.4,0,0.39,0.39,0.4,7359,2883,2026-03-30 09:43
Organic Farma Zdrowia SA,8.7,0,0,0,0,0,0,2026-03-27
Orzeł SA,2.2,0,0,0,0,0,0,2026-03-27
Outdoorzy SA,1.59,0,1.59,1.52,1.59,6317,9877,2026-03-30 14:52
Ovid Works SA,0.7,0,0.7,0.65,0.71,31554,21204,2026-03-30 14:55
Oxygen SA,0.31,0,0,0,0,0,0,2026-03-27
OZE Capital SA,0.48,0,0.48,0.48,0.48,29,14,2026-03-30 09:00
Parcel Technik SA,0.56,0,0,0,0,0,0,2026-03-27
Partner-Nieruchomości SA,0.31,3.97,0.29,0.29,0.31,163796,48413,2026-03-30 14:50
PL Group SA,0.29,0,0,0,0,0,0,2026-03-27
Planet B2B SA,0.06,1.69,0.06,0.06,0.06,21000,1261,2026-03-30 14:48
Platige Image SA,5.56,0.36,5.62,5.32,5.62,579,3162,2026-03-30 14:36
Play2Chill SA,2.36,-1.67,2.3,2.3,2.38,1225,2863,2026-03-30 14:34
Plot Twist SA,1.47,1.38,1.47,1.47,1.47,7,10,2026-03-30 12:59
Pointpack SA,13.8,-0.36,13.4,13.4,13.8,108,1449,2026-03-30 14:00
Polaris IT Group SA,0.23,0,0,0,0,0,0,2026-03-27
Polkap SA w restrukturyzacji,0.79,0,0,0,0,0,0,2026-03-27
Polman SA,0.4,-7.83,0.4,0.4,0.4,2638,1055,2026-03-30 13:15
Polski Holding Rozwoju SA,2.66,0,2.66,2.66,2.66,7,19,2026-03-30 09:58
Poltronic SA,0.74,-4.52,0.73,0.7,0.74,1404,1025,2026-03-30 14:00
Polyslash SA,1.32,0,0,0,0,0,0,2026-03-27
Prefa Group SA,31.4,0,0,0,0,0,0,2026-03-27
Present24 SA,0.1,-9.09,0.11,0.1,0.11,14995,1500,2026-03-30 14:34
President Studio SA,106.92,-0.67,107.6,104.8,107.76,514,54686,2026-03-30 14:52
Prime ASI SA,0.94,0,0.94,0.94,0.94,12,11,2026-03-30 09:53
Prime Bit Games SA,0.16,-10.99,0.16,0.16,0.16,500,81,2026-03-30 11:00
Private Rented Sector SA,5.5,0,0,0,0,0,0,2026-03-27
Proacta SA,0.83,-0.24,0.83,0.77,0.83,4949,4037,2026-03-30 14:41
Proguns Group SA,6,-4.76,6.3,5.6,6.3,10694,63080,2026-03-30 14:29
Prymus SA,5.9,3.51,5.8,5.8,5.9,34,199,2026-03-30 10:46
Punch Punk SA,0.35,0,0,0,0,0,0,2026-03-27
Purple Ray Studio SA,5.2,0,0,0,0,0,0,2026-03-27
Pyramid Games SA,7.6,0,0,0,0,0,0,2026-03-27
Quart Development SA,3.88,0,0,0,0,0,0,2026-03-27
QuarticOn SA w upadłości w upadłości,0.42,0,0,0,0,0,0,2026-03-27
QubicGames SA,0.75,0,0,0,0,0,0,2026-03-27
Read-Gene SA,5.84,6.18,5.5,5.18,5.84,3122,16709,2026-03-30 13:49
Red Carpet Media Group SA,30.8,0,0,0,0,0,0,2026-03-27
Red Square Games SA,7.9,0,7.9,7.9,7.9,8,63,2026-03-30 11:21
Remor Solar Polska SA,7.26,2.25,7.4,6.96,7.4,12,87,2026-03-30 14:46
Road Studio SA,5.66,4.81,5.4,5.26,5.7,543,2935,2026-03-30 11:47
Robinson Europe SA,3.06,0,3.06,3.06,3.06,1,3,2026-03-30 11:27
Robs Group Logistic SA,0.23,0,0,0,0,0,0,2026-03-27
Rocca SA,3.32,0,0,0,0,0,0,2026-03-27
RRH Group SA,0.07,0,0.07,0.07,0.07,713,51,2026-03-30 09:00
Ruch Chorzów SA,0.34,0,0,0,0,0,0,2026-03-27
S4E SA,37.8,-0.53,37.8,37.8,37.8,83,3137,2026-03-30 12:16
Sakana SA,0.34,0,0.34,0.31,0.34,1805,617,2026-03-30 09:54
Saule Technologies SA,1.35,0,0,0,0,0,0,2026-03-27
SDS Optic SA,6,3.45,6,6,6.22,400,2403,2026-03-30 12:50
Second Chamber SA,0.05,0,0,0,0,0,0,2026-03-27
Sedivio SA,9.94,0,10.3,9.94,10.3,11,113,2026-03-30 10:17
Sevenet SA,13.1,0.77,12.65,12.6,13.9,33013,438353,2026-03-30 14:41
SFD SA,2.69,-0.37,2.7,2.6,2.7,14778,38841,2026-03-30 13:37
Sheepyard SA,0.42,0,0,0,0,0,0,2026-03-27
Simteract SA,5.85,1.74,5.85,5.85,5.85,86,503,2026-03-30 09:00
Softblue SA,0.23,-1.72,0.23,0.22,0.24,140571,32771,2026-03-30 14:28
Software Mansion SA,29.8,0.68,29.6,29.6,29.8,8,237,2026-03-30 09:11
Solar Innovation SA,0.05,0.42,0.05,0.05,0.05,23117,1115,2026-03-30 14:36
Sonka SA,9.86,-1.4,10,9.64,10,2370,23174,2026-03-30 14:19
Space Fox Games SA,2.46,-11.51,2.5,2.46,2.5,42,104,2026-03-30 14:13
Standrew SA,13.5,0,13.5,13.5,13.5,1,14,2026-03-30 09:00
Starward Industries SA,8.3,1.22,8.3,8.04,8.3,1584,12971,2026-03-30 14:20
Stem Cells Spin SA,0.39,0,0.39,0.39,0.39,100,39,2026-03-30 09:16
Stohid Technology SA,1.5,0,0,0,0,0,0,2026-03-27
Suntech SA,1.66,1.84,1.53,1.53,1.66,59409,97459,2026-03-30 13:47
Sunway Network SA,2.22,0,2.22,2.22,2.22,4010,8902,2026-03-30 14:38
Sygnis SA,1.64,-3.53,1.7,1.62,1.74,73457,123559,2026-03-30 14:42
SYNERGA.fund SA,0.5,2.67,0.5,0.49,0.52,12092,5911,2026-03-30 12:08
Szar SA,0.07,4.96,0.07,0.07,0.07,3986,295,2026-03-30 12:00
T&T Proenergy SA,0.7,0,0,0,0,0,0,2026-03-27
Tamex Obiekty Sportowe SA,3.1,-3.13,3.22,2.88,3.34,2716,8335,2026-03-30 12:24
Tax-Net SA,1.53,0,0,0,0,0,0,2026-03-27
Tech Robotics SA,15.2,-4.4,15.9,15.2,15.9,294,4510,2026-03-30 13:17
Tecnovatica SA,0.43,-7.33,0.44,0.42,0.46,8954,3894,2026-03-30 13:07
Telemedycyna Polska SA,0.62,-0.8,0.62,0.62,0.62,25,16,2026-03-30 11:00
Telesto SA,16.45,0,0,0,0,0,0,2026-03-27
Telestrada SA,24.2,3.42,24,24,24.2,89,2137,2026-03-30 12:02
Telgam SA,0.5,-0.2,0.5,0.5,0.5,200,100,2026-03-30 09:59
Termoexpert SA,13.6,0,0,0,0,0,0,2026-03-27
The Dust SA,0.75,0,0.75,0.75,0.75,120,90,2026-03-30 11:00
The Farm 51 Group SA,3.09,0,3.09,3.09,3.09,637,1968,2026-03-30 11:00
Trex SA,3.12,-2.5,3.18,2.9,3.22,11950,37280,2026-03-30 14:30
Triggo SA,1.06,0,1.05,1.05,1.06,4,4,2026-03-30 14:40
True Games Syndicate SA,0.27,3.46,0.27,0.27,0.27,40,11,2026-03-30 09:54
TrustBTC SA,1.19,-2.46,1.22,1.1,1.24,50065,58011,2026-03-30 12:51
UF Games SA,0.9,0.56,0.89,0.89,0.9,1237,1101,2026-03-30 10:41
Unified Factory SA,0.22,0,0.22,0.22,0.22,55,12,2026-03-30 11:00
Universe SA,3.3,0,0,0,0,0,0,2026-03-27
V-Max SA,11.87,-7.84,12.88,11.87,12.88,179,2127,2026-03-30 09:53
Varsav Game Studios SA,0.44,-0.67,0.45,0.4,0.45,50648,21264,2026-03-30 10:33
Vee SA,11.4,-3.39,11.3,11.25,11.85,2285,26339,2026-03-30 14:37
Venda SE,0.04,0,0,0,0,0,0,2026-03-27
Verbicom SA,1.61,4.55,1.6,1.6,1.61,30,48,2026-03-30 11:09
ViDiS SA,4.96,-0.4,4.96,4.96,4.96,10,50,2026-03-30 09:01
Volaria AI SA,1.52,0,1.52,1.52,1.52,25,38,2026-03-30 09:16
Voolt SA,2.4,0,0,0,0,0,0,2026-03-27
VR Factory Games SA,0.17,4.22,0.17,0.17,0.18,91934,15741,2026-03-30 14:47
VRFabric SA,3.8,-4.52,3.95,3.8,3.95,35,135,2026-03-30 09:19
W.G Partners SA,0.3,0,0,0,0,0,0,2026-03-27
Werth-Holz SA,0.2,0,0,0,0,0,0,2026-03-27
West Real Estate SA,0.61,0,0,0,0,0,0,2026-03-27
Wierzyciel SA,0.57,-0.7,0.57,0.57,0.57,22,13,2026-03-30 09:29
Wildlands Interactive SA,0.8,0.63,0.79,0.74,0.8,1000,778,2026-03-30 13:04
Wodkan SA,6.95,0,7.45,6.95,7.45,2,14,2026-03-30 13:15
XBS Pro-Log SA,65,-2.99,67.5,65,67.5,53,3460,2026-03-30 13:34
YBS SA,0.25,0,0.25,0.25,0.25,3384,839,2026-03-30 11:02
Yoshi Innovation SA,0.85,-11.51,0.9,0.82,0.95,98982,87201,2026-03-30 14:40
Zeneris Projekty SA,3.39,5.94,3.4,3.39,3.4,321,1091,2026-03-30 09:38
Zortrax SA,0.06,-1.31,0.06,0.06,0.06,39765,2394,2026-03-30 11:01
